categoryID,name,image,status
262,"1-1.9 oz","Images/Categories/262_fm.jpg",0
330,"1-Ply","Images/Categories/330_fm.jpg",0
274,"10-10.9 oz","Images/Categories/274_fm.jpg",0
261,"100% Cotton Face","Images/Categories/261_fm.jpg",0
275,"11-11.9 oz","Images/Categories/275_fm.jpg",0
276,"12-12.9 oz","Images/Categories/276_fm.jpg",0
277,"13-13.9 oz","Images/Categories/277_fm.jpg",0
292,"14 oz and over","Images/Categories/292_fm.jpg",0
263,"2-2.9 oz","Images/Categories/263_fm.jpg",0
331,"2-Ply","Images/Categories/331_fm.jpg",0
267,"3-3.9 oz","Images/Categories/267_fm.jpg",0
332,"3-Ply","Images/Categories/332_fm.jpg",0
81,"3/4 Sleeves","Images/Categories/81_fm.jpg",0
268,"4-4.9 oz","Images/Categories/268_fm.jpg",0
269,"5-5.9 oz","Images/Categories/269_fm.jpg",0
270,"6-6.9 oz","Images/Categories/270_fm.jpg",0
271,"7-7.9 oz","Images/Categories/271_fm.jpg",0
272,"8-8.9 oz","Images/Categories/272_fm.jpg",0
273,"9-9.9 oz","Images/Categories/273_fm.jpg",0
53,"Accessories","Images/Categories/53_fm.jpg",0
161,"Acid Washed","Images/Categories/161_fm.jpg",0
365,"Acrylic","Images/Categories/365_fm.jpg",0
387,"Activewear","Images/Categories/387_fm.jpg",0
388,"Activewear & Loungewear","Images/Categories/388_fm.jpg",0
493,"adidas - Back to Basics","Images/Categories/493_fm.jpg",0
433,"adidas - play with purpose","Images/Categories/433_fm.jpg",0
359,"adidas - Textured Quarter-Zips","Images/Categories/359_fm.jpg",0
352,"Adidas 3-Stripes","Images/Categories/352_fm.jpg",0
346,"adidas Limited Edition","Images/Categories/346_fm.jpg",0
492,"adidas Seeing Double","Images/Categories/492_fm.jpg",0
374,"adidas Three Stripe Life","Images/Categories/374_fm.jpg",0
118,"Adjustable","Images/Categories/118_fm.jpg",0
148,"Adult","Images/Categories/148_fm.jpg",0
248,"Advantage","Images/Categories/248_fm.jpg",0
349,"Alpine Fleece - Snuggle Season","Images/Categories/349_fm.jpg",0
290,"Alternative del","Images/Categories/290_fm.jpg",0
303,"American Apparel Essentials","Images/Categories/303_fm.jpg",0
294,"American Apparel Rebate Program","Images/Categories/294_fm.jpg",0
78,"American Made","Images/Categories/78_fm.jpg",0
255,"ANSI Class 2","Images/Categories/255_fm.jpg",0
256,"ANSI Class 3","Images/Categories/256_fm.jpg",0
162,"Anti-Microbial","Images/Categories/162_fm.jpg",0
389,"Apparel","Images/Categories/389_fm.jpg",0
1,"Aprons","Images/Categories/1_fm.jpg",0
2,"Athletics","Images/Categories/2_fm.jpg",0
338,"Back To School","Images/Categories/338_fm.jpg",0
456,"Back to School CA","Images/Categories/456_fm.jpg",0
410,"Back to School Prev","Images/Categories/410_fm.jpg",0
111,"Backpacks","Images/Categories/111_fm.jpg",0
487,"Badger - One Team","Images/Categories/487_fm.jpg",0
260,"Badger GBB","Images/Categories/260_fm.jpg",0
413,"Badger Performance Fleece","Images/Categories/413_fm.jpg",0
291,"Badger Pro Mesh","Images/Categories/291_fm.jpg",0
300,"Bag Some Savings","Images/Categories/300_fm.jpg",0
102,"Bags","Images/Categories/102_fm.jpg",0
187,"Bamboo","Images/Categories/187_fm.jpg",0
398,"Bandanas","Images/Categories/398_fm.jpg",0
281,"Baseball","Images/Categories/281_fm.jpg",0
282,"Basketball","Images/Categories/282_fm.jpg",0
497,"Be Your Own Champion","Images/Categories/497_fm.jpg",0
120,"Beanies","Images/Categories/120_fm.jpg",0
369,"BEBellla Details","Images/Categories/369_fm.jpg",0
310,"Bella Canvas Athleisure","Images/Categories/310_fm.jpg",0
452,"Bella Canvas Sale","Images/Categories/452_fm.jpg",0
327,"Bella Flowy","Images/Categories/327_fm.jpg",0
257,"Bella+Canvas Black Heather","Images/Categories/257_fm.jpg",0
297,"Bella+Canvas Cyber Monday","Images/Categories/297_fm.jpg",0
444,"BellaCanvas Color Destination","Images/Categories/444_fm.jpg",0
376,"BellaCanvas The T-shirt Movement","Images/Categories/376_fm.jpg",0
319,"Belts","Images/Categories/319_fm.jpg",0
383,"Best-Selling 100% Cotton Premium T-Shirts","Images/Categories/383_fm.jpg",0
119,"Bibs","Images/Categories/119_fm.jpg",0
3,"Blankets","Images/Categories/3_fm.jpg",0
188,"Blends","Images/Categories/188_fm.jpg",0
384,"Bottoms","Images/Categories/384_fm.jpg",0
88,"Bowling Shirts","Images/Categories/88_fm.jpg",0
431,"Boxercraft Textures","Images/Categories/431_fm.jpg",0
308,"Bring Your Own Liberty Bag","Images/Categories/308_fm.jpg",0
163,"Brushed","Images/Categories/163_fm.jpg",0
474,"BTS CA Faculty","Images/Categories/474_fm.jpg",0
475,"BTS CA Teacher App","Images/Categories/475_fm.jpg",0
465,"BTS CA Team Player","Images/Categories/465_fm.jpg",0
473,"BTS CA The Graduate","Images/Categories/473_fm.jpg",0
464,"BTS CA Youth","Images/Categories/464_fm.jpg",0
472,"BTS School Pride ","Images/Categories/472_fm.jpg",0
242,"Bucket","Images/Categories/242_fm.jpg",0
368,"Bundle Up - Sample Kit","Images/Categories/368_fm.jpg",0
86,"Burnouts","Images/Categories/86_fm.jpg",0
108,"Button Down Collar","Images/Categories/108_fm.jpg",0
278,"C2 Sport and Badger","Images/Categories/278_fm.jpg",0
225,"Cadet Collar","Images/Categories/225_fm.jpg",0
44,"Camisoles","Images/Categories/44_fm.jpg",0
5,"Camouflage","Images/Categories/5_fm.jpg",0
126,"Can Holders","Images/Categories/126_fm.jpg",0
189,"Canvas","Images/Categories/189_fm.jpg",0
123,"Capris","Images/Categories/123_fm.jpg",0
190,"Cashmere","Images/Categories/190_fm.jpg",0
39,"Chairs","Images/Categories/39_fm.jpg",0
191,"Chambray","Images/Categories/191_fm.jpg",0
280,"Cheer","Images/Categories/280_fm.jpg",0
192,"Chenille","Images/Categories/192_fm.jpg",0
124,"Cinch","Images/Categories/124_fm.jpg",0
399,"Classic & Joggers","Images/Categories/399_fm.jpg",0
193,"Clear","Images/Categories/193_fm.jpg",0
307,"Clearance","Images/Categories/307_fm.jpg",0
74,"Closeout","Images/Categories/74_fm.jpg",0
429,"Columbia MVPs","Images/Categories/429_fm.jpg",0
377,"Columbia PFG","Images/Categories/377_fm.jpg",0
488,"Comaparables CA","Images/Categories/488_fm.jpg",0
375,"Coming Soon","Images/Categories/375_fm.jpg",0
125,"Coolers","Images/Categories/125_fm.jpg",0
194,"Corduroy","Images/Categories/194_fm.jpg",0
406,"Cotton","Images/Categories/406_fm.jpg",0
71,"Cotton - 100%","Images/Categories/71_fm.jpg",0
208,"Cotton - Combed","Images/Categories/208_fm.jpg",0
209,"Cotton - Organic","Images/Categories/209_fm.jpg",0
72,"Cotton - Over 50%","Images/Categories/72_fm.jpg",0
212,"Cotton - Ringspun","Images/Categories/212_fm.jpg",0
70,"Cotton/Poly (50/50)","Images/Categories/70_fm.jpg",0
279,"Coveralls","Images/Categories/279_fm.jpg",0
8,"Crewneck","Images/Categories/8_fm.jpg",0
149,"Cropped","Images/Categories/149_fm.jpg",0
127,"Cuffed / Cuffs","Images/Categories/127_fm.jpg",0
340,"Del Back to School","Images/Categories/340_fm.jpg",0
293,"Delta Grand","Images/Categories/293_fm.jpg",0
7,"Denim","Images/Categories/7_fm.jpg",0
249,"Digital","Images/Categories/249_fm.jpg",0
164,"Direct Dyed","Images/Categories/164_fm.jpg",0
75,"Discontinued","Images/Categories/75_fm.jpg",0
196,"Dobby","Images/Categories/196_fm.jpg",0
54,"Dog Wear","Images/Categories/54_fm.jpg",0
195,"Down","Images/Categories/195_fm.jpg",0
128,"Drawstrings","Images/Categories/128_fm.jpg",0
45,"Dress Shirts","Images/Categories/45_fm.jpg",0
69,"Dresses","Images/Categories/69_fm.jpg",0
421,"DRI DUCK - Best Sellers","Images/Categories/421_fm.jpg",0
345,"DRI DUCK - Built for Movement","Images/Categories/345_fm.jpg",0
344,"DRI DUCK - Power Move: Workwear Reborn","Images/Categories/344_fm.jpg",0
343,"DRI DUCK Essential Mountain Fleece","Images/Categories/343_fm.jpg",0
357,"DRI DUCK Hybrid Puffers","Images/Categories/357_fm.jpg",0
298,"Dri Duck Jacket Sale","Images/Categories/298_fm.jpg",0
486,"DRI DUCK Layers","Images/Categories/486_fm.jpg",0
299,"Dri Duck Tall","Images/Categories/299_fm.jpg",0
432,"DRI DUCK Weather The Elements","Images/Categories/432_fm.jpg",0
129,"Duffels","Images/Categories/129_fm.jpg",0
490,"Dyenomite Tied and Dyed","Images/Categories/490_fm.jpg",0
382,"Dynamic Duo","Images/Categories/382_fm.jpg",0
165,"Eco Dyed","Images/Categories/165_fm.jpg",0
41,"Eco-Friendly","Images/Categories/41_fm.jpg",0
80,"Embroidered","Images/Categories/80_fm.jpg",0
232,"Expedition Collection","Images/Categories/232_fm.jpg",0
237,"Fabric Washed","Images/Categories/237_fm.jpg",0
318,"Face Coverings","Images/Categories/318_fm.jpg",0
390,"Face Coverings DEL","Images/Categories/390_fm.jpg",0
353,"Face Masks - On Sale","Images/Categories/353_fm.jpg",0
491,"Fall Fleece CA","Images/Categories/491_fm.jpg",0
489,"Fall Spiritwear","Images/Categories/489_fm.jpg",0
408,"Fashion","Images/Categories/408_fm.jpg",0
328,"Father's Day","Images/Categories/328_fm.jpg",0
337,"Featherlite On Sale","Images/Categories/337_fm.jpg",0
339,"Female Edit","Images/Categories/339_fm.jpg",0
436,"Female Edit Crops","Images/Categories/436_fm.jpg",0
438,"Female Edit Fleece","Images/Categories/438_fm.jpg",0
437,"Female Edit Flowy","Images/Categories/437_fm.jpg",0
434,"Female Edit Tees","Images/Categories/434_fm.jpg",0
441,"Female Edit Tees and Tanks","Images/Categories/441_fm.jpg",0
435,"Female Edits Tanks","Images/Categories/435_fm.jpg",0
447,"Festival Season","Images/Categories/447_fm.jpg",0
289,"Fishing Shirts","Images/Categories/289_fm.jpg",0
150,"Fitted","Images/Categories/150_fm.jpg",0
238,"Five-Panel","Images/Categories/238_fm.jpg",0
210,"Flannels","Images/Categories/210_fm.jpg",0
130,"Flat Bills","Images/Categories/130_fm.jpg",0
9,"Fleece","Images/Categories/9_fm.jpg",0
362,"Flip Buckle","Images/Categories/362_fm.jpg",0
98,"Flowy","Images/Categories/98_fm.jpg",0
283,"Football","Images/Categories/283_fm.jpg",0
342,"FOTL Fleece CRC","Images/Categories/342_fm.jpg",0
211,"French Terry","Images/Categories/211_fm.jpg",0
457,"FSG - 2022 Fall Style Guide","Images/Categories/457_fm.jpg",0
458,"FSG - All About Fleece","Images/Categories/458_fm.jpg",0
466,"FSG - All About Headwear","Images/Categories/466_fm.jpg",0
476,"FSG - All About Jackets","Images/Categories/476_fm.jpg",0
459,"FSG - Basic","Images/Categories/459_fm.jpg",0
460,"FSG - Fashion","Images/Categories/460_fm.jpg",0
462,"FSG - Fleece Novelty","Images/Categories/462_fm.jpg",0
463,"FSG - Fleece Polar","Images/Categories/463_fm.jpg",0
461,"FSG - Fleece Sets","Images/Categories/461_fm.jpg",0
467,"FSG - Headwear Beanies","Images/Categories/467_fm.jpg",0
468,"FSG - Headwear Cap","Images/Categories/468_fm.jpg",0
471,"FSG - Headwear Novelty","Images/Categories/471_fm.jpg",0
477,"FSG - Jackets Heavyweight","Images/Categories/477_fm.jpg",0
478,"FSG - Jackets Puffers","Images/Categories/478_fm.jpg",0
479,"FSG - Jackets Trending","Images/Categories/479_fm.jpg",0
480,"FSG - Jackets Windbreakers Soft Shells","Images/Categories/480_fm.jpg",0
481,"FSG - Layering Favorites","Images/Categories/481_fm.jpg",0
483,"FSG - Outdoor Ath Fan","Images/Categories/483_fm.jpg",0
484,"FSG - Outdoor Hunt Fish","Images/Categories/484_fm.jpg",0
482,"FSG - Outdoor Recreation","Images/Categories/482_fm.jpg",0
485,"FSG - Seasonal Promos","Images/Categories/485_fm.jpg",0
38,"Full-Zips","Images/Categories/38_fm.jpg",0
354,"Gaiters","Images/Categories/354_fm.jpg",0
288,"Game Day Collection","Images/Categories/288_fm.jpg",0
166,"Garment Dyed","Images/Categories/166_fm.jpg",0
175,"Garment Washed","Images/Categories/175_fm.jpg",0
313,"Get Out and Move","Images/Categories/313_fm.jpg",0
417,"Gift Ideas","Images/Categories/417_fm.jpg",0
418,"Gift Ideas - Apparel","Images/Categories/418_fm.jpg",0
420,"Gift Ideas - Bags & Accessories","Images/Categories/420_fm.jpg",0
419,"Gift Ideas - Headwear","Images/Categories/419_fm.jpg",0
496,"Gift Shop - Apparel","Images/Categories/496_fm.jpg",0
495,"Gift Shop Ca","Images/Categories/495_fm.jpg",0
443,"Gildan Lollapalooza","Images/Categories/443_fm.jpg",0
329,"Gildan Summer Sale","Images/Categories/329_fm.jpg",0
213,"Gingham","Images/Categories/213_fm.jpg",0
151,"Girls","Images/Categories/151_fm.jpg",0
91,"Gloves","Images/Categories/91_fm.jpg",0
422,"Go To Basics","Images/Categories/422_fm.jpg",0
425,"Go To Fashion","Images/Categories/425_fm.jpg",0
230,"Go-To Collection","Images/Categories/230_fm.jpg",0
10,"Golf","Images/Categories/10_fm.jpg",0
356,"Gowns","Images/Categories/356_fm.jpg",0
317,"Graduation Kits","Images/Categories/317_fm.jpg",0
243,"Gusset","Images/Categories/243_fm.jpg",0
409,"Gym Essentials","Images/Categories/409_fm.jpg",0
392,"Hats","Images/Categories/392_fm.jpg",0
11,"Headwear","Images/Categories/11_fm.jpg",0
179,"Heavy (Over 6 oz)","Images/Categories/179_fm.jpg",0
131,"Henley","Images/Categories/131_fm.jpg",0
153,"High Profiles","Images/Categories/153_fm.jpg",0
107,"High Visibility","Images/Categories/107_fm.jpg",0
350,"Holiday Store","Images/Categories/350_fm.jpg",0
36,"Hooded","Images/Categories/36_fm.jpg",0
360,"Hook and Loop","Images/Categories/360_fm.jpg",0
287,"Independent Fleece Sale","Images/Categories/287_fm.jpg",0
333,"Independent Premium Fleece Collection","Images/Categories/333_fm.jpg",0
499,"Independent Sale","Images/Categories/499_fm.jpg",0
378,"Indy Breakers","Images/Categories/378_fm.jpg",0
451,"Indy Match Sale","Images/Categories/451_fm.jpg",0
12,"Infants / Toddlers","Images/Categories/12_fm.jpg",0
412,"Infants, Toddlers & Youths","Images/Categories/412_fm.jpg",0
494,"J. America - Fan Favorites","Images/Categories/494_fm.jpg",0
449,"J. America Patterns","Images/Categories/449_fm.jpg",0
47,"Jackets","Images/Categories/47_fm.jpg",0
234,"Jersey","Images/Categories/234_fm.jpg",0
110,"Johnny Collar","Images/Categories/110_fm.jpg",0
414,"Jump Into Fall","Images/Categories/414_fm.jpg",0
132,"Jumpers","Images/Categories/132_fm.jpg",0
83,"Juniors","Images/Categories/83_fm.jpg",0
371,"Keep It Casual - Sample Kit","Images/Categories/371_fm.jpg",0
228,"Kissing Zippers","Images/Categories/228_fm.jpg",0
240,"Knit","Images/Categories/240_fm.jpg",0
250,"Kryptek","Images/Categories/250_fm.jpg",0
348,"LAT - Elevated Tees","Images/Categories/348_fm.jpg",0
322,"LAT Face Mask","Images/Categories/322_fm.jpg",0
351,"LAT Fine Jersey Long Sleeve","Images/Categories/351_fm.jpg",0
446,"LAT Fit For All","Images/Categories/446_fm.jpg",0
500,"LAT The Good Old Times","Images/Categories/500_fm.jpg",0
133,"Leggings","Images/Categories/133_fm.jpg",0
450,"Liberty Bags Back To School Duffels","Images/Categories/450_fm.jpg",0
442,"Liberty Bags Under 10","Images/Categories/442_fm.jpg",0
181,"Light (Under 5 oz)","Images/Categories/181_fm.jpg",0
347,"Limited Edition","Images/Categories/347_fm.jpg",0
56,"Long Sleeves","Images/Categories/56_fm.jpg",0
14,"Loungewear","Images/Categories/14_fm.jpg",0
155,"Low Profiles","Images/Categories/155_fm.jpg",0
214,"Lycra","Images/Categories/214_fm.jpg",0
411,"M&O Deluxe Collection","Images/Categories/411_fm.jpg",0
391,"Masks","Images/Categories/391_fm.jpg",0
224,"Media Pocket","Images/Categories/224_fm.jpg",0
407,"Mega Sale","Images/Categories/407_fm.jpg",0
87,"Mens & Unisex","Images/Categories/87_fm.jpg",0
396,"Mens & Unisex DEL","Images/Categories/396_fm.jpg",0
215,"Mesh","Images/Categories/215_fm.jpg",0
246,"Mesh Back","Images/Categories/246_fm.jpg",0
134,"Messengers","Images/Categories/134_fm.jpg",0
216,"Micro Fleece","Images/Categories/216_fm.jpg",0
154,"Mid Profiles","Images/Categories/154_fm.jpg",0
324,"Military","Images/Categories/324_fm.jpg",0
76,"Mill Discontinued","Images/Categories/76_fm.jpg",0
336,"MilTec","Images/Categories/336_fm.jpg",0
99,"Missy","Images/Categories/99_fm.jpg",0
112,"Mock Collar","Images/Categories/112_fm.jpg",0
167,"Moisture Wicking","Images/Categories/167_fm.jpg",0
251,"Mossy Oak","Images/Categories/251_fm.jpg",0
321,"Mother's Day","Images/Categories/321_fm.jpg",0
430,"Movie and TV Nostalgia","Images/Categories/430_fm.jpg",0
252,"Muddy Girl","Images/Categories/252_fm.jpg",0
90,"Neons","Images/Categories/90_fm.jpg",0
77,"New","Images/Categories/77_fm.jpg",0
296,"New Alternative Fall Colors","Images/Categories/296_fm.jpg",0
302,"New for PVH","Images/Categories/302_fm.jpg",0
309,"New Techno","Images/Categories/309_fm.jpg",0
428,"Next Level Game On","Images/Categories/428_fm.jpg",0
113,"No Collar","Images/Categories/113_fm.jpg",0
168,"No Treatment","Images/Categories/168_fm.jpg",0
184,"No Visible Logos","Images/Categories/184_fm.jpg",0
226,"Non Woven","Images/Categories/226_fm.jpg",0
217,"Nylon","Images/Categories/217_fm.jpg",0
358,"Oakley Product Videos","Images/Categories/358_fm.jpg",0
386,"Oakley Traveler","Images/Categories/386_fm.jpg",0
253,"Oilfield","Images/Categories/253_fm.jpg",0
160,"One Size","Images/Categories/160_fm.jpg",0
135,"Onesies","Images/Categories/135_fm.jpg",0
136,"Open Backs","Images/Categories/136_fm.jpg",0
137,"Open Bottoms","Images/Categories/137_fm.jpg",0
218,"Organic","Images/Categories/218_fm.jpg",0
405,"Other","Images/Categories/405_fm.jpg",0
15,"Outerwear","Images/Categories/15_fm.jpg",0
138,"Packables","Images/Categories/138_fm.jpg",0
37,"Pants","Images/Categories/37_fm.jpg",0
16,"Performance","Images/Categories/16_fm.jpg",0
320,"Personal Protection","Images/Categories/320_fm.jpg",0
227,"Piece Dyed","Images/Categories/227_fm.jpg",0
17,"Pigment Dyed","Images/Categories/17_fm.jpg",0
219,"Pique","Images/Categories/219_fm.jpg",0
139,"Plackets","Images/Categories/139_fm.jpg",0
236,"Plaid","Images/Categories/236_fm.jpg",0
61,"Pockets","Images/Categories/61_fm.jpg",0
117,"Point Collar","Images/Categories/117_fm.jpg",0
46,"Polar Fleece","Images/Categories/46_fm.jpg",0
52,"Polos","Images/Categories/52_fm.jpg",0
393,"Polos & Knits","Images/Categories/393_fm.jpg",0
220,"Polyester","Images/Categories/220_fm.jpg",0
85,"Polyester - 100%","Images/Categories/85_fm.jpg",0
223,"Polyester - Over 50%","Images/Categories/223_fm.jpg",0
140,"Ponchos","Images/Categories/140_fm.jpg",0
221,"Poplin","Images/Categories/221_fm.jpg",0
247,"Pre-Curved Visor","Images/Categories/247_fm.jpg",0
169,"Preshrunk","Images/Categories/169_fm.jpg",0
306,"Promotion","Images/Categories/306_fm.jpg",0
304,"Promotions","Images/Categories/304_fm.jpg",0
141,"Puffers","Images/Categories/141_fm.jpg",0
142,"Pullovers","Images/Categories/142_fm.jpg",0
415,"Puns Totally Intended","Images/Categories/415_fm.jpg",0
222,"PVC","Images/Categories/222_fm.jpg",0
305,"PVHdel","Images/Categories/305_fm.jpg",0
48,"Quarter-Zips","Images/Categories/48_fm.jpg",0
89,"Raglans","Images/Categories/89_fm.jpg",0
401,"Rain Coats","Images/Categories/401_fm.jpg",0
207,"Rayon","Images/Categories/207_fm.jpg",0
254,"Realtree","Images/Categories/254_fm.jpg",0
206,"Recycled","Images/Categories/206_fm.jpg",0
180,"Regular (5-6 oz)","Images/Categories/180_fm.jpg",0
157,"Relaxed","Images/Categories/157_fm.jpg",0
424,"Retail Brands","Images/Categories/424_fm.jpg",0
205,"Ribbed","Images/Categories/205_fm.jpg",0
96,"Ringspun","Images/Categories/96_fm.jpg",0
204,"Ripstop","Images/Categories/204_fm.jpg",0
231,"Road Trip","Images/Categories/231_fm.jpg",0
143,"Rollers / Luggage","Images/Categories/143_fm.jpg",0
325,"Running Styles","Images/Categories/325_fm.jpg",0
40,"Safety","Images/Categories/40_fm.jpg",0
144,"Scarf / Scarves","Images/Categories/144_fm.jpg",0
394,"Scarves & Gloves","Images/Categories/394_fm.jpg",0
19,"School","Images/Categories/19_fm.jpg",0
423,"School & Team","Images/Categories/423_fm.jpg",0
116,"Scoop Neck","Images/Categories/116_fm.jpg",0
79,"Screen Print","Images/Categories/79_fm.jpg",0
314,"Scrubs","Images/Categories/314_fm.jpg",0
115,"Self Collar","Images/Categories/115_fm.jpg",0
366,"Shades of Cool","Images/Categories/366_fm.jpg",0
381,"Shades of Cool CA","Images/Categories/381_fm.jpg",0
203,"Sherpa","Images/Categories/203_fm.jpg",0
402,"Shields","Images/Categories/402_fm.jpg",0
416,"Shop for Pink","Images/Categories/416_fm.jpg",0
145,"Shopping Bags","Images/Categories/145_fm.jpg",0
57,"Short Sleeves","Images/Categories/57_fm.jpg",0
43,"Shorts","Images/Categories/43_fm.jpg",0
156,"Side Seams","Images/Categories/156_fm.jpg",0
239,"Six-Panel","Images/Categories/239_fm.jpg",0
63,"Sleeveless","Images/Categories/63_fm.jpg",0
361,"Slide Buckle","Images/Categories/361_fm.jpg",0
202,"Slub","Images/Categories/202_fm.jpg",0
379,"Small Accessories","Images/Categories/379_fm.jpg",0
170,"Snag Resistant","Images/Categories/170_fm.jpg",0
295,"Snap Tape Technology","Images/Categories/295_fm.jpg",0
363,"Snapback","Images/Categories/363_fm.jpg",0
286,"Soccer","Images/Categories/286_fm.jpg",0
82,"Socks","Images/Categories/82_fm.jpg",0
403,"Soft Shells","Images/Categories/403_fm.jpg",0
171,"Soft Washed","Images/Categories/171_fm.jpg",0
284,"Softball","Images/Categories/284_fm.jpg",0
200,"Spandex","Images/Categories/200_fm.jpg",0
104,"Spiritwear","Images/Categories/104_fm.jpg",0
18,"Sport Shirts","Images/Categories/18_fm.jpg",0
121,"Sports Bras","Images/Categories/121_fm.jpg",0
400,"Sports Bras DEL","Images/Categories/400_fm.jpg",0
326,"Sportsman Masks","Images/Categories/326_fm.jpg",0
109,"Spread Collar","Images/Categories/109_fm.jpg",0
229,"Stain Resistant","Images/Categories/229_fm.jpg",0
301,"Street Fleece","Images/Categories/301_fm.jpg",0
201,"Stripes","Images/Categories/201_fm.jpg",0
244,"Structured","Images/Categories/244_fm.jpg",0
335,"Summer Color","Images/Categories/335_fm.jpg",0
341,"Summer Sale","Images/Categories/341_fm.jpg",0
334,"Summer Savings","Images/Categories/334_fm.jpg",0
173,"Sun/UV Protection","Images/Categories/173_fm.jpg",0
101,"Sunglasses","Images/Categories/101_fm.jpg",0
315,"Support Local","Images/Categories/315_fm.jpg",0
364,"Sustainable","Images/Categories/364_fm.jpg",0
20,"Sweaters","Images/Categories/20_fm.jpg",0
106,"Sweatpants","Images/Categories/106_fm.jpg",0
59,"Sweatshirts","Images/Categories/59_fm.jpg",0
395,"Sweatshirts & Fleece","Images/Categories/395_fm.jpg",0
105,"Swimwear","Images/Categories/105_fm.jpg",0
21,"T-Shirts","Images/Categories/21_fm.jpg",0
183,"Tagged","Images/Categories/183_fm.jpg",0
182,"Tagless","Images/Categories/182_fm.jpg",0
65,"Talls","Images/Categories/65_fm.jpg",0
64,"Tank Tops","Images/Categories/64_fm.jpg",0
323,"Teacher Appreciation","Images/Categories/323_fm.jpg",0
97,"Tear Away","Images/Categories/97_fm.jpg",0
172,"Teflon","Images/Categories/172_fm.jpg",0
258,"Textured","Images/Categories/258_fm.jpg",0
373,"The Bustle - Sample Kit","Images/Categories/373_fm.jpg",0
370,"The Hustle Sample Kit","Images/Categories/370_fm.jpg",0
426,"The Perfect Pairing","Images/Categories/426_fm.jpg",0
316,"The Relaxed Tee","Images/Categories/316_fm.jpg",0
68,"Thermals","Images/Categories/68_fm.jpg",0
146,"Thumbholes","Images/Categories/146_fm.jpg",0
23,"Tie Dyed","Images/Categories/23_fm.jpg",0
498,"Top off the Season","Images/Categories/498_fm.jpg",0
385,"Tops","Images/Categories/385_fm.jpg",0
186,"Totes","Images/Categories/186_fm.jpg",0
22,"Totes / Bags","Images/Categories/22_fm.jpg",0
24,"Towels","Images/Categories/24_fm.jpg",0
95,"Triblends","Images/Categories/95_fm.jpg",0
199,"Tricot","Images/Categories/199_fm.jpg",0
147,"Truckers","Images/Categories/147_fm.jpg",0
158,"Tubular","Images/Categories/158_fm.jpg",0
152,"Underwear","Images/Categories/152_fm.jpg",0
25,"Uniforms","Images/Categories/25_fm.jpg",0
50,"Union Made","Images/Categories/50_fm.jpg",0
159,"Unisex","Images/Categories/159_fm.jpg",0
245,"Unstructured","Images/Categories/245_fm.jpg",0
198,"USA Certified","Images/Categories/198_fm.jpg",0
42,"USA Made","Images/Categories/42_fm.jpg",0
66,"V-Neck","Images/Categories/66_fm.jpg",0
259,"Value Fashion","Images/Categories/259_fm.jpg",0
62,"Vests","Images/Categories/62_fm.jpg",0
174,"Vintage Wash","Images/Categories/174_fm.jpg",0
197,"Viscose","Images/Categories/197_fm.jpg",0
185,"Visible Logos","Images/Categories/185_fm.jpg",0
241,"Visors","Images/Categories/241_fm.jpg",0
285,"Volleyball","Images/Categories/285_fm.jpg",0
27,"Warm-ups","Images/Categories/27_fm.jpg",0
176,"Water Resistant","Images/Categories/176_fm.jpg",0
55,"Waterproof","Images/Categories/55_fm.jpg",0
114,"Welt Collar","Images/Categories/114_fm.jpg",0
233,"What's New","Images/Categories/233_fm.jpg",0
367,"What's New CA","Images/Categories/367_fm.jpg",0
448,"What's Trending","Images/Categories/448_fm.jpg",0
380,"Windbreakers","Images/Categories/380_fm.jpg",0
13,"Womens","Images/Categories/13_fm.jpg",0
311,"Work from Home","Images/Categories/311_fm.jpg",0
312,"Work from home ca","Images/Categories/312_fm.jpg",0
372,"Working Out - Sample Kit","Images/Categories/372_fm.jpg",0
49,"Workwear","Images/Categories/49_fm.jpg",0
26,"Wovens & Dress Shirts","Images/Categories/26_fm.jpg",0
397,"Wovens & Dress Shirts DEL","Images/Categories/397_fm.jpg",0
355,"Wraps","Images/Categories/355_fm.jpg",0
177,"Wrinkle Free","Images/Categories/177_fm.jpg",0
445,"Y2K Fashion Trends","Images/Categories/445_fm.jpg",0
178,"Yarn Dyed","Images/Categories/178_fm.jpg",0
28,"Youth","Images/Categories/28_fm.jpg",0
427,"Zip It","Images/Categories/427_fm.jpg",0
404,"Zips","Images/Categories/404_fm.jpg",0